60,4,13,0,2,1,363,3
178,1,99,1,26,9,1077,3
44,3,11,0,0,0,344,3
47,2,7,0,1,1,426,3
65,3,13,0,4,1,468,3
51,4,11,0,1,0,407,3
35,1,8,0,1,0,352,3
43,1,10,0,0,0,258,3
90,1,10,0,0,0,622,3
97,2,14,1,4,0,677,3
56,3,10,1,1,0,342,3
47,2,9,0,0,0,483,3
47,2,11,0,0,0,480,3
46,4,13,0,1,0,404,3
39,1,16,0,0,0,518,3
58,4,12,0,0,0,489,3
68,1,15,0,2,1,860,3
43,2,13,0,1,0,462,3
50,4,13,0,2,0,499,3
31,5,12,0,1,0,290,3
40,0,16,0,1,0,435,3
45,5,22,0,1,0,511,3
49,2,15,0,4,0,524,3
49,6,12,0,0,1,478,3
56,3,17,0,3,1,653,3
43,0,8,0,1,0,584,3
46,3,8,0,0,0,363,3
55,4,11,0,0,0,413,3
30,1,6,0,3,0,346,3
27,5,13,0,4,0,357,3
57,3,9,0,1,0,408,3
42,0,7,0,2,0,272,3
78,4,15,0,0,1,538,3
49,1,22,0,0,5,362,3
52,3,11,0,0,4,458,3
60,4,9,0,0,3,397,3
65,5,13,0,1,3,389,3
52,5,8,0,1,2,449,3
15,2,2,0,0,0,184,3
34,4,8,0,0,0,311,3
72,3,17,0,3,0,490,3
113,1,11,0,8,0,958,3
60,3,10,0,1,0,429,3
42,0,7,0,2,0,272,3
78,4,15,0,0,1,538,3
52,1,22,0,0,5,385,3
52,3,11,0,0,4,458,3
60,4,9,0,0,3,397,3
65,5,13,0,1,3,389,3
49,4,12,0,0,0,336,3
53,5,8,0,1,2,449,3
19,2,3,0,0,0,217,3
52,3,10,0,2,0,402,3
76,4,11,0,1,5,575,3
36,4,8,0,0,0,320,3
69,4,14,0,0,0,418,3
58,4,11,0,2,1,384,3
74,3,18,0,3,0,506,3
56,1,11,1,2,0,557,3
50,0,5,0,0,0,471,3
69,5,13,0,1,0,491,3
55,2,7,0,7,0,473,3
72,2,9,1,3,0,445,3
74,5,9,0,0,1,449,3
59,2,7,0,1,0,473,3
48,2,4,1,2,0,569,3
99,1,27,0,7,0,749,3
60,4,15,1,2,2,491,3
115,0,19,0,0,2,663,3
133,0,25,0,0,3,720,3
115,0,21,0,0,1,644,3
120,0,22,0,0,2,659,3
89,0,19,0,0,2,480,3
93,0,18,0,0,1,546,3
97,0,18,0,0,1,548,3
146,0,30,0,0,1,772,3
189,0,31,0,0,2,996,3
107,0,20,0,0,1,591,3
148,0,28,0,0,1,806,3
174,0,25,0,0,4,869,3
93,1,15,1,0,0,647,3
54,4,10,0,0,1,377,3
80,3,15,0,0,2,494,3
121,0,14,0,1,0,1153,3
18,1,5,0,0,0,194,3
72,2,9,1,3,0,445,3
95,0,16,0,3,1,507,3
25,1,1,0,0,0,194,3
69,2,24,0,0,0,539,3
99,2,18,0,0,0,765,3
44,0,4,0,0,0,351,3
99,1,17,0,0,1,654,3
126,1,14,0,2,0,935,3
22,0,1,0,0,0,225,3
110,0,0,1,0,0,369,3
75,1,10,0,3,0,504,3
52,5,8,0,1,0,417,3
37,5,6,0,0,1,301,3
59,2,7,0,0,0,554,3
30,1,1,1,0,0,181,3
73,1,10,0,0,0,489,3
77,7,11,0,5,0,810,3
60,1,14,0,2,0,319,3
83,1,74,3,26,2,511,3
58,5,12,0,0,0,407,3
69,0,16,0,2,0,640,3
81,7,12,0,0,0,801,3
78,4,26,0,0,2,776,3
60,3,10,0,1,0,429,3
42,0,7,0,2,0,272,3
53,4,13,0,0,0,345,3
34,3,6,0,0,0,254,3
52,5,8,0,1,2,449,3
19,2,3,0,0,0,217,3
52,3,11,0,0,4,458,3
60,4,9,0,0,3,397,3
67,5,13,0,3,1,398,3
64,3,10,0,2,0,460,3
68,4,14,0,0,0,398,3
93,1,15,0,0,1,622,3
101,2,16,0,1,0,782,3
42,0,7,0,2,0,271,3
78,4,15,0,0,1,541,3
56,1,25,0,0,5,409,3
52,3,11,0,0,4,458,3
60,4,9,0,0,3,397,3
63,5,13,0,1,3,378,3
49,4,7,0,0,1,397,3
59,2,9,0,1,0,414,3
52,5,8,0,1,2,449,3
15,2,2,0,0,0,184,3
34,4,8,0,0,0,304,3
58,4,11,0,2,1,384,3
69,4,14,0,0,0,418,3
50,0,5,0,0,0,336,3
60,4,13,0,1,0,397,3
114,0,19,0,0,2,653,3
133,0,25,0,0,3,720,3
115,0,21,0,0,1,644,3
120,0,22,0,0,2,659,3
89,0,19,0,0,2,480,3
93,0,18,0,0,1,546,3
97,0,18,0,0,1,548,3
146,0,30,0,0,1,772,3
159,0,27,0,0,2,856,3
107,0,20,0,0,1,591,3
148,0,28,0,0,1,806,3
174,0,25,0,0,4,869,3
85,1,16,0,6,0,597,3
65,1,11,0,5,0,535,3
121,2,20,0,5,0,853,3
52,0,10,0,4,0,333,3
98,5,10,2,0,0,687,3
41,4,12,0,1,0,335,3
71,0,17,0,1,0,467,3
70,5,5,0,5,0,559,3
59,0,11,0,0,0,454,3
66,1,17,0,0,0,495,3
68,0,24,0,0,0,1052,3
91,0,68,2,4,0,1075,3
56,1,22,1,2,0,548,3
61,5,17,0,5,0,927,3
53,3,18,0,1,0,545,3
35,0,17,0,1,0,311,3
44,5,13,0,4,0,438,3
50,3,25,0,3,4,501,3
100,3,4,3,1,0,620,3
79,4,16,0,4,0,683,3
72,0,9,1,5,0,547,3
59,2,10,0,2,0,382,3
158,3,105,0,15,2,995,3
54,1,12,0,0,0,462,3
62,0,12,1,1,0,571,3
65,0,8,2,0,0,512,3
34,2,3,1,1,0,301,3
97,2,18,0,1,1,853,3
135,1,1,0,0,0,2350,3
49,1,10,0,2,0,439,3
45,1,12,0,0,0,423,3
96,1,16,0,1,0,932,3
104,1,19,0,6,0,920,3
112,1,24,0,3,0,1098,3
56,3,17,1,2,2,489,3
58,0,15,0,0,0,497,3
60,2,8,1,3,0,422,3
52,3,10,0,0,0,405,3
42,0,7,0,2,0,272,3
53,4,13,0,0,0,347,3
36,4,6,0,0,0,277,3
50,5,8,0,3,0,466,3
19,2,3,0,0,0,217,3
43,4,9,0,0,0,314,3
60,4,9,0,0,3,397,3
63,5,13,0,3,1,391,3
82,4,16,0,4,1,669,3
33,4,7,0,0,0,289,3
67,4,14,0,0,0,399,3
53,2,10,0,3,0,346,3
74,3,17,0,3,0,525,3
54,2,12,0,6,0,494,3
56,1,9,1,2,0,427,3
82,2,15,2,6,0,536,3
65,1,9,0,2,0,455,3
57,3,9,0,1,0,408,3
42,0,7,0,2,0,272,3
52,5,8,0,1,2,449,3
15,2,2,0,0,0,184,3
69,4,14,0,0,0,418,3
58,4,11,0,2,1,384,3
87,2,13,0,3,1,789,3
75,3,7,0,4,1,464,3
49,1,8,0,0,0,338,3
59,2,11,1,0,0,529,3
116,3,21,0,0,0,888,3
64,1,15,0,1,0,487,3
64,4,12,0,3,0,459,3
40,2,14,0,3,0,358,3
65,5,19,1,5,0,421,3
157,9,51,1,7,0,971,3
66,1,12,0,3,0,348,3
62,5,11,0,10,1,497,3
81,1,8,0,6,0,517,3
99,8,23,0,4,0,562,3
68,2,22,0,2,2,501,3
56,3,20,0,3,1,565,3
92,2,16,0,3,0,544,3
34,1,6,0,0,0,259,3
33,1,2,0,0,0,257,3
35,4,10,0,1,0,303,3
50,7,8,0,0,1,353,3
46,0,8,0,0,1,318,3
48,2,7,0,0,0,448,3
49,3,10,0,0,1,339,3
118,2,28,1,5,0,878,3
69,1,14,0,16,0,662,3
57,3,7,0,0,0,541,3
42,0,7,0,2,0,271,3
78,4,15,0,0,1,541,3
55,1,25,0,0,5,405,3
52,3,11,0,0,4,458,3
60,4,9,0,0,3,397,3
63,5,13,0,1,3,378,3
49,4,7,0,0,1,397,3
62,2,10,0,1,0,439,3
49,4,12,0,0,0,336,3
53,5,8,0,1,2,449,3
19,2,3,0,0,0,217,3
76,4,11,0,1,5,569,3
56,2,11,0,2,0,402,3
36,4,8,0,0,0,313,3
83,3,19,0,3,0,582,3
58,4,11,0,2,1,384,3
69,4,14,0,0,0,418,3
147,1,22,0,0,2,900,3
101,2,28,0,0,0,712,3
146,1,23,0,4,0,1208,3
76,1,12,0,0,4,574,3
30,1,13,0,1,0,343,3
36,4,7,0,0,0,293,2
43,2,7,0,0,0,289,2
33,0,6,0,2,0,227,2
30,3,6,0,4,0,185,2
19,3,3,0,1,1,148,2
25,3,4,0,2,0,174,2
39,2,7,1,1,2,244,2
30,2,0,0,0,0,198,2
30,6,5,0,1,1,179,2
37,6,7,0,1,1,216,2
32,1,11,0,1,0,224,2
26,3,13,0,2,1,289,2
43,4,8,0,0,1,365,2
23,3,6,0,0,0,217,2
37,3,7,0,0,0,316,2
16,3,5,0,0,0,130,2
22,2,4,0,0,0,208,2
18,0,7,0,1,0,164,2
35,1,7,0,2,0,352,2
13,1,1,0,0,0,109,2
54,2,8,0,0,0,283,2
33,1,6,0,1,0,173,2
43,2,10,0,1,0,285,2
69,2,7,0,1,0,396,2
67,1,6,1,0,1,472,2
63,0,5,0,4,0,369,2
62,0,10,0,1,0,375,2
18,3,5,0,0,0,192,2
58,3,10,1,1,0,311,2
48,0,12,0,0,0,280,2
29,3,8,0,0,0,193,2
24,1,6,0,0,0,155,2
46,0,6,0,0,0,366,2
18,2,0,0,0,0,188,2
28,2,7,0,0,0,297,2
31,2,5,0,0,0,242,2
27,4,4,0,0,1,223,2
37,2,8,0,4,0,217,2
33,2,8,0,2,0,257,2
38,2,10,0,2,0,267,2
33,2,8,0,2,0,247,2
14,1,0,0,0,0,116,2
10,2,1,0,0,0,174,2
22,3,6,0,1,0,167,2
23,4,3,0,0,0,189,2
37,2,4,0,0,0,242,2
26,4,7,0,0,0,231,2
26,1,13,0,1,0,326,2
55,2,10,0,0,0,665,2
51,1,12,0,0,0,320,2
55,2,8,0,0,0,723,2
15,1,4,0,1,0,199,2
29,3,5,0,1,2,251,2
26,4,5,0,0,0,266,2
25,3,9,0,0,0,273,2
23,1,4,0,1,0,251,2
19,4,5,0,0,0,212,2
14,2,2,0,0,0,170,2
28,5,5,0,2,1,357,2
10,1,1,0,0,0,123,2
23,4,7,0,1,1,228,2
17,2,4,0,0,0,191,2
32,1,8,1,0,0,207,2
19,3,2,0,0,0,202,2
55,5,20,0,1,0,463,2
16,1,5,0,0,0,151,2
11,1,5,0,0,0,152,2
33,2,14,0,0,0,305,2
17,3,6,0,1,0,189,2
34,3,10,0,0,0,382,2
26,5,6,0,0,0,319,2
16,2,2,0,0,2,184,2
23,2,5,0,2,0,251,2
31,5,6,0,0,0,328,2
14,1,3,0,0,0,142,2
10,2,6,0,0,0,114,2
29,2,8,0,3,0,208,2
17,2,5,0,1,0,158,2
11,3,2,0,0,0,166,2
12,3,2,0,0,0,177,2
21,3,6,0,2,0,269,2
15,5,4,0,0,0,216,2
15,3,3,0,1,0,173,2
31,7,8,0,0,2,288,2
33,2,8,0,1,0,400,2
35,4,5,0,3,0,555,2
12,1,2,0,0,0,117,2
21,4,6,0,1,0,226,2
9,1,1,0,0,0,96,2
57,1,19,0,0,0,335,2
53,1,2,1,0,0,320,2
13,0,1,0,1,0,169,2
31,2,0,1,0,0,149,2
69,1,6,0,4,0,431,2
51,3,4,3,3,0,370,2
16,2,5,0,1,0,171,2
20,2,5,0,1,0,182,2
77,0,35,0,9,0,374,2
32,1,5,0,0,0,314,2
27,1,3,0,0,0,225,2
38,2,5,0,2,3,313,2
36,1,7,0,2,0,254,2
45,0,5,0,0,0,328,2
13,1,3,0,0,1,134,2
33,3,8,0,0,0,269,2
19,2,3,0,1,1,147,2
18,1,2,0,0,0,169,2
47,2,7,1,1,2,254,2
30,2,0,0,0,0,198,2
40,2,3,0,1,2,246,2
10,2,2,0,0,0,97,2
19,3,5,0,2,0,258,2
34,5,6,0,0,0,292,2
40,3,7,0,4,0,205,2
35,7,5,0,2,0,229,2
17,2,4,0,0,1,95,2
23,2,5,0,0,0,152,2
38,2,1,0,0,3,228,2
18,2,3,0,0,0,137,2
18,1,2,0,0,0,157,2
30,3,7,0,0,2,204,2
37,1,3,0,2,0,319,2
47,4,8,0,0,1,348,2
26,1,4,0,1,0,139,2
29,1,4,0,1,1,190,2
29,1,3,0,1,2,209,2
20,0,3,0,0,1,139,2
24,1,2,0,1,0,175,2
32,3,5,0,0,0,243,2
21,3,3,0,0,0,158,2
37,1,5,0,0,2,321,2
37,5,6,0,1,0,206,2
21,2,1,0,2,0,162,2
25,1,4,0,1,0,179,2
50,3,10,0,2,0,384,2
28,3,4,0,2,0,232,2
50,4,6,0,1,3,382,2
39,2,8,0,2,0,278,2
20,4,4,0,0,0,169,2
26,3,3,0,0,0,174,2
28,2,2,0,0,0,250,2
27,0,5,0,2,0,191,2
23,1,4,0,0,0,194,2
31,2,6,0,0,0,194,2
44,0,3,0,1,0,542,2
22,1,3,0,2,0,135,2
40,3,7,0,4,0,205,2
35,7,5,0,2,0,229,2
17,2,4,0,0,1,95,2
23,2,5,0,0,0,152,2
38,2,1,0,0,3,228,2
18,2,3,0,0,0,137,2
18,1,2,0,0,0,157,2
30,3,7,0,0,2,204,2
37,1,3,0,2,0,319,2
47,4,8,0,0,1,348,2
26,1,4,0,1,0,139,2
51,3,11,0,0,1,308,2
29,1,4,0,1,1,190,2
29,1,3,0,1,2,209,2
18,0,2,0,0,1,141,2
24,1,2,0,1,0,175,2
32,3,5,0,0,0,243,2
21,2,3,0,0,1,151,2
21,3,3,0,0,0,158,2
37,1,5,0,0,2,321,2
30,1,4,0,0,1,214,2
18,2,3,0,0,0,134,2
37,5,6,0,1,0,206,2
21,2,1,0,2,0,160,2
29,1,4,0,1,0,220,2
34,2,6,0,1,0,278,2
19,2,2,0,1,0,159,2
37,3,6,0,2,0,309,2
36,2,6,0,2,0,219,2
39,2,8,0,2,0,278,2
20,4,4,0,0,0,169,2
24,3,4,0,0,0,166,2
26,3,3,0,0,0,174,2
18,2,2,0,0,0,143,2
39,3,8,0,2,1,216,2
23,3,5,0,0,0,217,2
43,2,9,0,0,0,224,2
42,2,16,0,2,0,275,2
28,2,2,0,0,0,250,2
27,0,5,0,2,0,191,2
34,3,6,0,0,0,269,2
29,1,12,0,0,0,256,2
25,1,13,1,2,0,245,2
38,2,6,0,0,0,308,2
26,0,5,0,0,0,218,2
21,1,8,0,0,0,194,2
26,1,4,0,0,0,206,2
21,0,2,0,1,0,189,2
35,0,13,0,0,0,379,2
28,2,4,0,3,0,210,2
30,1,10,0,0,0,223,2
19,0,2,0,0,0,114,2
45,2,12,0,1,0,371,2
25,4,5,0,0,0,184,2
32,1,6,0,5,0,199,2
57,1,22,0,0,0,337,2
49,5,8,0,1,0,237,2
47,1,5,0,0,2,312,2
39,2,36,0,7,0,362,2
43,1,6,1,1,0,283,2
213,1,44,0,3,0,1477,2
48,4,11,0,1,0,317,2
63,0,10,0,0,1,362,2
73,0,11,0,0,2,386,2
79,0,15,0,0,1,448,2
51,0,9,0,0,0,270,2
54,0,9,0,0,1,286,2
43,0,8,0,0,1,237,2
60,0,11,0,0,1,349,2
57,0,14,0,0,0,274,2
14,2,8,0,0,0,160,2
32,3,6,0,0,0,190,2
17,1,7,0,0,0,194,2
28,2,9,0,0,0,209,2
75,3,13,0,1,2,540,2
24,2,5,0,0,0,165,2
27,4,5,0,1,0,307,2
31,3,6,0,0,0,277,2
50,5,10,0,0,0,317,2
21,2,4,0,1,0,183,2
21,2,4,0,1,0,185,2
37,0,4,0,0,0,410,2
35,1,9,0,2,0,374,2
28,1,7,0,3,0,200,2
22,0,5,0,0,0,152,2
21,1,9,0,0,0,196,2
51,2,9,0,0,0,356,2
48,2,4,2,0,0,273,2
15,1,4,1,0,0,99,2
28,1,1,1,2,0,179,2
20,2,5,0,0,0,183,2
20,2,5,0,0,0,183,2
23,1,3,0,1,0,275,2
5,3,4,0,1,0,159,2
28,1,1,1,2,0,179,2
12,0,0,0,0,0,118,2
28,1,1,1,2,0,179,2
30,0,7,0,0,0,224,2
30,1,11,0,0,0,329,2
16,1,7,0,0,0,172,2
80,1,23,0,5,1,447,2
94,3,11,0,4,0,663,2
49,1,6,0,3,0,436,2
27,3,5,0,0,0,193,2
32,3,4,0,0,0,270,2
33,2,5,0,2,0,255,2
18,2,2,0,0,0,156,2
47,3,9,0,0,0,435,2
43,1,7,0,0,0,359,2
46,1,7,0,0,0,329,2
32,1,6,0,0,0,247,2
62,0,14,0,0,0,467,2
39,1,8,1,0,0,262,2
33,3,7,0,0,0,227,2
40,1,2,2,0,0,257,2
38,0,3,0,0,0,282,2
76,0,8,0,1,0,560,2
18,2,4,0,0,0,179,2
16,1,0,0,0,0,137,2
41,0,0,1,0,0,140,2
58,0,0,1,0,0,194,2
68,5,8,0,0,0,509,2
36,5,9,0,0,1,327,2
29,5,5,0,0,0,276,2
37,2,3,1,0,0,233,2
28,0,4,0,1,0,218,2
37,2,6,0,1,0,235,2
22,1,5,0,0,0,165,2
16,3,3,0,1,0,171,2
43,1,11,0,1,0,347,2
19,2,6,0,0,0,180,2
33,2,4,0,1,0,270,2
36,2,8,0,0,0,271,2
20,0,4,0,0,0,160,2
20,0,4,0,0,0,146,2
20,1,3,0,0,0,109,2
26,4,5,0,0,0,182,2
42,3,10,0,1,0,287,2
20,3,33,0,9,1,160,2
18,3,5,0,1,0,163,2
27,1,6,0,2,0,169,2
48,0,9,0,0,0,271,2
45,1,19,0,1,4,225,2
27,1,6,0,2,0,175,2
18,3,4,0,2,0,145,2
51,1,11,0,0,3,375,2
21,1,2,1,1,0,159,2
21,3,5,0,2,0,252,2
56,1,14,0,0,0,370,2
41,4,8,0,1,0,315,2
38,3,8,0,0,0,294,2
45,3,9,0,0,0,436,2
40,1,4,0,0,0,291,2
33,1,5,0,0,0,236,2
31,3,7,0,1,0,195,2
18,2,3,0,0,0,179,2
15,2,2,0,0,0,148,2
17,3,2,0,0,0,198,2
28,3,5,0,0,0,318,2
42,0,8,0,1,0,356,2
46,0,7,0,0,0,399,2
69,0,44,0,2,0,460,2
50,2,7,0,0,1,436,2
33,3,4,0,1,0,181,2
26,3,6,0,2,0,238,2
28,2,5,0,0,0,303,2
50,6,7,0,2,0,246,2
26,3,1,0,2,0,247,2
54,1,7,1,0,0,306,2
54,0,5,1,0,0,261,2
17,1,2,0,1,0,107,2
40,3,7,0,4,0,205,2
35,7,5,0,2,0,229,2
26,1,4,0,1,0,139,2
50,3,11,0,1,0,316,2
29,1,4,0,1,1,190,2
29,1,3,0,1,2,209,2
18,0,2,0,0,1,141,2
24,1,2,0,1,0,175,2
25,3,5,0,0,0,174,2
37,1,5,0,0,2,321,2
18,2,3,0,0,0,134,2
37,5,6,0,1,0,206,2
43,2,1,0,0,3,270,2
18,1,2,0,0,0,160,2
31,3,7,0,0,2,205,2
59,4,8,0,1,0,462,2
29,1,4,0,1,0,228,2
36,2,6,0,2,0,219,2
18,2,2,0,0,0,143,2
51,2,9,0,0,0,248,2
42,2,16,0,2,0,275,2
25,2,2,0,0,0,212,2
27,0,5,0,2,0,191,2
25,0,3,0,2,0,200,2
1,1,0,0,0,0,268,2
1,2,0,0,0,0,195,2
1,5,0,0,0,0,310,2
46,1,6,0,8,0,482,2
39,1,4,0,4,0,360,2
53,1,3,0,2,0,536,2
30,0,4,0,0,3,237,2
84,2,5,0,1,0,373,2
33,2,5,0,4,0,367,2
37,1,9,0,0,0,321,2
40,3,7,0,4,0,205,2
17,2,4,0,0,1,95,2
26,2,5,0,0,0,179,2
39,2,2,0,0,3,227,2
18,2,3,0,0,0,137,2
18,1,2,0,0,0,157,2
28,3,6,0,0,2,187,2
37,1,3,0,2,0,319,2
21,2,1,0,2,0,158,2
26,1,4,0,1,0,139,2
35,7,5,0,2,0,229,2
37,1,5,0,0,2,321,2
37,5,6,0,1,0,206,2
29,3,4,0,2,0,230,2
50,4,6,0,1,3,382,2
25,1,4,0,1,0,179,2
54,2,11,0,2,0,384,2
27,3,3,0,0,0,168,2
37,2,7,0,2,0,266,2
20,4,4,0,0,0,169,2
32,3,5,0,0,0,243,2
21,3,3,0,0,0,158,2
32,1,5,0,1,1,206,2
32,1,4,0,1,2,225,2
20,0,3,0,0,1,139,2
24,1,2,0,1,0,173,2
39,3,8,0,2,1,216,2
31,2,6,0,2,0,208,2
23,3,5,0,0,0,217,2
36,3,6,0,0,0,271,2
36,1,5,1,0,0,190,2
33,1,6,1,0,0,183,2
51,0,7,0,0,0,449,2
33,2,2,0,0,1,254,2
63,0,10,0,0,1,362,2
73,0,11,0,0,2,386,2
79,0,15,0,0,1,448,2
51,0,9,0,0,0,270,2
54,0,9,0,0,1,286,2
43,0,8,0,0,1,237,2
60,0,11,0,0,1,349,2
57,0,14,0,0,0,274,2
46,2,5,0,1,1,329,2
35,1,5,0,0,0,372,2
26,1,6,0,0,0,183,2
50,2,7,0,1,1,373,2
24,0,3,0,3,0,191,2
31,0,6,0,2,0,242,2
40,2,9,0,2,0,237,2
37,0,8,0,3,0,248,2
45,1,10,0,1,0,249,2
27,1,5,0,2,0,195,2
34,0,4,0,2,0,233,2
64,4,19,0,5,0,396,2
19,3,4,0,0,0,164,2
41,1,7,0,0,0,259,2
19,5,2,0,0,0,239,2
32,2,5,0,1,0,345,2
52,2,7,0,0,0,432,2
18,4,1,1,0,0,119,2
12,2,0,1,0,0,131,2
21,2,4,0,1,0,155,2
46,1,2,0,1,0,396,2
60,1,8,0,0,0,341,2
30,4,6,0,3,0,294,2
36,0,7,0,1,0,261,2
43,1,3,0,0,0,328,2
41,3,5,1,2,0,278,2
40,2,6,2,1,0,259,2
32,1,3,0,0,0,229,2
41,4,13,0,0,0,252,2
50,3,14,0,0,0,413,2
30,5,3,1,0,0,230,2
28,5,4,0,0,0,236,2
43,5,11,1,4,0,322,2
30,1,4,0,0,0,377,2
47,0,6,0,0,0,254,2
41,3,5,0,0,1,275,2
29,1,1,1,0,0,138,2
132,1,74,2,0,1,665,2
43,1,7,1,0,0,397,2
17,2,2,0,0,0,174,2
20,1,7,0,1,0,188,2
27,1,11,0,0,0,263,2
14,1,6,0,0,0,139,2
14,1,7,0,0,0,180,2
19,4,3,0,0,0,232,2
33,0,4,0,0,0,437,2
25,4,11,0,0,0,308,2
18,2,7,0,2,0,175,2
28,2,10,0,1,0,304,2
21,2,5,0,0,0,203,2
26,1,8,0,2,0,342,2
16,3,4,0,2,0,250,2
22,1,9,0,4,0,418,2
21,1,8,0,1,0,147,2
13,3,2,0,0,0,164,2
13,2,2,0,0,0,168,2
34,3,7,0,0,1,289,2
27,3,6,0,0,0,249,2
20,3,2,0,2,0,286,2
78,0,6,0,2,0,565,2
55,3,3,1,0,0,347,2
44,2,7,0,1,1,290,2
39,2,7,0,0,0,266,2
57,0,9,1,0,0,559,2
51,1,11,0,1,0,545,2
73,4,4,1,0,0,691,2
32,2,4,0,0,0,340,2
23,2,7,0,1,0,175,2
46,2,7,0,3,0,331,2
34,1,6,0,1,0,197,2
33,1,6,0,0,0,195,2
33,3,8,0,0,0,229,2
16,2,6,0,0,0,134,2
30,2,3,0,0,1,274,2
52,1,6,0,1,0,511,2
4,0,0,0,0,0,83,2
35,3,7,0,1,0,338,2
42,1,6,0,1,0,321,2
45,1,8,0,1,0,403,2
49,1,9,0,1,1,335,2
30,1,6,0,0,0,462,2
28,1,4,0,1,0,374,2
40,0,8,0,0,1,246,2
33,2,6,0,1,0,241,2
21,4,5,0,0,0,137,2
33,0,3,0,0,2,255,2
28,1,7,0,0,0,264,2
25,1,5,0,0,0,237,2
25,2,3,0,1,0,336,2
34,1,5,0,2,0,438,2
56,4,9,1,2,0,318,2
16,3,5,0,2,0,147,2
33,5,10,0,0,0,381,2
16,2,2,0,0,0,122,2
34,2,6,0,1,0,201,2
17,1,2,0,1,0,107,2
36,3,7,0,4,0,193,2
23,3,3,0,2,0,179,2
34,7,4,0,2,0,228,2
26,1,4,0,1,0,139,2
48,3,11,0,1,0,295,2
22,1,3,0,2,1,208,2
18,0,2,0,0,1,138,2
24,1,2,0,1,0,175,2
25,3,5,0,0,0,174,2
27,1,4,0,2,0,222,2
18,2,3,0,0,0,134,2
37,5,6,0,1,0,206,2
18,2,2,0,0,0,162,2
40,2,3,0,1,2,246,2
42,2,6,0,1,1,311,2
33,3,7,0,0,2,192,2
35,1,3,0,2,0,301,2
48,5,8,0,1,0,365,2
38,5,5,0,0,1,255,2
21,2,1,0,1,1,162,2
29,1,4,0,1,0,220,2
40,3,9,0,1,0,279,2
33,2,7,0,0,0,241,2
23,3,3,0,0,0,200,2
35,3,5,0,2,0,252,2
36,2,6,0,2,0,218,2
13,1,0,0,0,0,144,2
36,2,7,0,2,0,254,2
20,4,4,0,0,0,165,2
22,2,4,0,0,0,157,2
25,4,5,0,1,0,193,2
24,3,3,0,0,0,159,2
17,2,2,0,0,0,133,2
28,6,3,0,1,0,196,2
45,3,9,0,3,1,251,2
28,3,5,0,0,0,242,2
52,2,8,0,0,0,246,2
42,2,15,0,2,0,277,2
25,2,2,0,0,0,211,2
27,0,5,0,2,0,191,2
33,1,5,0,0,0,219,2
34,3,6,0,0,0,269,2
36,5,5,0,1,0,204,2
31,1,1,0,0,0,241,2
16,3,4,0,1,0,141,2
47,1,5,0,3,0,418,2
13,0,1,0,0,0,56,2
39,1,7,0,2,0,238,2
29,3,6,0,1,0,213,2
43,1,8,0,0,0,343,2
40,3,7,0,4,0,205,2
35,7,5,0,2,0,229,2
20,2,5,0,0,0,118,2
26,1,4,0,1,0,139,2
29,1,4,0,1,1,190,2
29,1,3,0,1,2,209,2
20,0,3,0,0,1,139,2
24,1,2,0,1,0,175,2
32,3,5,0,0,0,243,2
21,3,3,0,0,0,158,2
37,1,5,0,0,2,321,2
37,5,6,0,1,0,206,2
21,2,1,0,2,0,162,2
25,1,4,0,1,0,179,2
50,3,10,0,2,0,384,2
28,3,4,0,2,0,232,2
50,4,6,0,1,3,382,2
39,3,8,0,2,1,216,2
23,3,5,0,0,0,217,2
33,1,6,0,2,0,359,2
28,1,15,1,0,0,199,2
36,1,6,0,1,2,337,2
17,6,2,0,0,2,194,2
15,2,7,0,0,0,129,2
32,2,8,0,0,0,290,2
26,5,4,0,0,0,228,2
49,5,7,0,1,0,384,2
60,3,10,0,0,2,382,2
27,3,6,0,0,0,163,2
15,4,4,0,0,0,122,2
29,1,3,0,0,0,178,2
40,2,3,5,0,0,465,2
42,0,6,0,0,0,507,2
27,2,4,0,0,0,208,2
13,2,0,0,0,1,206,2
30,1,2,0,1,0,243,2
25,2,5,0,2,0,198,2
37,1,8,0,0,1,197,2
33,0,4,0,0,0,350,2
16,2,2,0,0,0,122,2
34,2,6,0,1,0,201,2
20,2,4,0,0,0,157,2
45,2,8,1,0,0,314,2
12,1,2,0,0,0,103,2
13,1,1,0,0,0,135,2
29,0,7,0,1,0,206,2
45,0,11,0,0,0,257,2
30,1,5,0,1,0,257,2
28,1,5,0,0,0,240,2
58,0,10,0,0,0,577,2
41,5,8,0,0,0,328,2
64,1,14,0,0,0,441,2
33,1,7,0,0,0,262,2
35,1,5,0,0,0,293,2
30,0,5,0,0,1,295,2
22,2,5,0,0,1,235,2
23,1,2,1,0,0,182,2
37,1,5,0,0,0,318,2
55,1,8,0,0,0,489,2
28,3,5,0,3,0,220,2
32,2,3,0,4,0,233,2
28,1,4,0,2,0,220,2
35,3,8,0,0,0,220,2
55,4,7,0,1,0,454,2
32,3,6,0,1,0,206,2
41,4,4,0,2,0,282,2
33,6,6,0,3,0,240,2
70,5,9,1,1,1,507,2
39,4,8,0,1,0,250,2
59,1,9,0,1,1,388,2
34,4,5,0,0,0,237,2
45,3,18,0,2,0,322,2
22,1,7,0,0,1,218,2
34,1,2,0,0,1,308,2
18,2,9,0,0,0,155,2
14,7,9,0,0,0,143,2
34,3,3,1,0,0,230,2
30,1,2,0,0,1,161,2
39,2,3,0,1,2,248,2
33,2,6,0,1,0,273,2
41,4,5,1,2,0,245,2
32,3,5,0,5,1,202,2
33,2,7,0,1,0,217,2
23,2,6,0,0,0,200,2
75,2,9,0,3,2,517,2
66,0,16,0,5,2,421,2
45,3,29,0,9,2,306,2
56,4,14,1,5,0,288,2
31,2,7,0,0,1,180,2
48,4,5,0,0,0,339,2
75,5,18,0,2,0,546,2
45,3,14,0,2,0,349,2
40,2,3,0,0,2,417,2
39,1,7,0,1,0,367,2
19,3,4,0,0,0,184,2
30,2,7,0,1,0,246,2
26,1,6,0,1,0,259,2
18,3,3,0,0,0,160,2
25,1,4,0,2,0,199,2
33,2,4,1,1,0,204,2
42,1,6,0,2,2,289,2
34,1,10,0,0,1,169,2
20,2,6,0,0,0,173,2
26,7,7,0,0,0,191,2
32,2,7,0,0,0,187,2
11,1,2,0,0,0,119,2
21,1,1,0,0,0,193,2
39,2,7,0,1,0,245,2
52,2,7,0,2,0,393,2
36,1,6,0,0,0,180,2
47,1,10,0,2,0,297,2
29,4,5,0,0,0,195,2
19,3,5,0,0,0,208,2
30,4,6,0,3,0,294,2
36,0,7,0,1,0,261,2
43,1,3,0,0,0,332,2
4,1,0,0,0,0,76,2
46,0,4,0,0,2,273,2
44,7,8,0,0,1,282,2
34,2,4,0,0,2,176,2
34,5,5,0,0,2,207,2
17,3,3,0,0,0,136,2
33,7,4,0,0,1,250,2
18,3,2,0,0,1,139,2
40,2,5,0,0,2,213,2
23,0,4,0,0,1,170,2
36,8,5,0,0,0,305,2
34,7,5,0,0,2,217,2
41,7,7,0,0,1,266,2
22,3,0,1,0,0,146,2
39,0,4,0,0,3,251,2
23,3,4,0,0,1,166,2
18,3,3,0,0,0,141,2
39,0,7,0,0,0,212,2
26,1,3,0,1,1,188,2
33,3,6,0,0,0,199,2
59,3,6,0,0,0,343,2
34,3,6,0,0,1,209,2
24,0,3,0,0,0,185,2
22,1,8,0,0,0,136,2
30,2,5,0,0,0,214,2
56,2,9,0,3,0,472,2
57,2,13,0,0,0,479,2
19,0,0,1,0,0,101,2
25,0,0,1,0,0,92,2
24,0,0,1,1,0,118,2
40,0,5,0,0,0,328,2
28,1,2,1,0,0,196,2
31,4,7,0,2,0,205,2
29,3,6,0,1,0,225,2
58,1,19,0,2,0,415,2
47,3,7,0,1,0,500,2
27,1,6,0,0,0,171,2
19,1,3,0,0,0,184,2
37,2,10,0,1,0,299,2
50,0,2,1,0,1,267,2
42,2,10,0,0,0,403,2
59,2,13,0,0,0,625,2
41,2,8,0,0,0,430,2
34,3,7,0,0,0,373,2
26,3,6,0,2,0,238,2
22,1,3,0,2,0,133,2
40,3,7,0,4,0,205,2
17,2,4,0,0,1,95,2
26,2,5,0,0,0,179,2
39,2,2,0,0,3,227,2
18,2,3,0,0,0,137,2
18,1,2,0,0,0,157,2
28,3,6,0,0,2,187,2
37,1,3,0,2,0,319,2
48,2,60,0,7,13,317,2
21,2,1,0,2,0,158,2
26,1,4,0,1,0,139,2
51,3,11,0,0,1,306,2
28,2,5,0,0,1,202,2
35,7,5,0,2,0,229,2
37,1,5,0,0,2,321,2
30,1,4,0,0,1,214,2
37,5,6,0,1,0,206,2
19,2,2,0,1,0,159,2
34,2,6,0,1,0,274,2
37,3,6,0,2,0,303,2
36,2,6,0,2,0,217,2
29,1,4,0,1,0,216,2
26,3,4,0,0,0,172,2
37,2,7,0,2,0,268,2
26,3,3,0,0,0,172,2
20,4,4,0,0,0,169,2
18,2,2,0,0,0,143,2
28,2,2,0,0,0,250,2
27,0,5,0,2,0,191,2
24,1,2,0,1,0,173,2
32,3,5,0,0,0,243,2
21,2,3,0,0,1,151,2
21,3,3,0,0,0,158,2
32,1,5,0,1,1,206,2
32,1,4,0,1,2,225,2
20,0,3,0,0,1,139,2
39,3,8,0,2,1,216,2
32,2,6,0,0,0,182,2
31,2,11,0,2,0,219,2
23,3,5,0,0,0,217,2
36,3,6,0,0,0,273,2
31,1,4,0,2,0,251,2
52,4,8,0,1,0,308,2
42,4,6,0,1,0,295,2
40,1,9,0,0,0,307,2
56,2,7,0,2,0,315,2
44,1,8,0,0,0,209,2
28,3,9,0,0,0,212,2
92,1,40,0,0,0,909,4
80,1,14,0,16,0,1007,4
84,4,15,0,1,1,696,4
88,4,15,0,1,1,700,4
127,2,38,0,3,1,986,4
230,2,14,2,2,0,1412,4
346,0,0,1,0,0,1155,4
394,0,0,1,0,0,1315,4
106,0,14,2,5,2,761,4
87,4,15,0,1,1,696,4
87,4,16,0,1,1,708,4
127,2,38,0,3,1,986,4
146,1,28,0,6,0,1095,4
169,1,34,0,11,0,1272,4
112,3,22,0,1,5,1106,4
95,4,18,0,3,0,859,4
128,2,41,0,3,1,988,4
92,4,14,0,6,0,938,4
84,4,15,0,1,1,696,4
127,2,38,0,3,1,986,4
160,3,20,0,7,2,1694,4
138,1,13,0,10,0,1245,4
91,4,16,0,1,1,712,4
127,2,38,0,3,1,986,4
3,0,0,0,0,0,9,1
2,1,0,0,0,0,5,1
3,0,0,0,0,0,11,1
3,0,0,0,0,0,9,1
3,1,0,0,0,0,13,1
10,2,3,0,0,0,73,1
4,1,0,0,0,0,22,1
3,0,0,0,0,0,15,1
4,0,0,0,0,0,20,1
1,1,0,0,0,0,23,1
98,1,0,0,0,0,292,1
5,6,0,0,0,0,24,1
7,1,1,0,0,0,21,1
16,1,3,0,0,0,48,1
7,2,3,0,0,0,24,1
4,3,0,0,0,0,28,1
5,1,1,0,0,0,21,1
4,0,0,0,0,0,20,1
8,1,1,0,0,0,56,1
3,0,0,0,0,0,10,1
4,0,0,0,0,0,15,1
4,2,0,0,0,0,23,1
6,0,1,0,0,0,23,1
3,2,0,0,0,0,10,1
3,2,0,0,0,0,25,1
3,2,0,0,0,0,25,1
3,2,0,0,0,0,10,1
11,3,1,0,0,0,116,1
26,2,11,0,0,0,125,1
1,1,0,0,0,0,5,1
1,0,0,0,0,0,4,1
1,0,0,0,0,0,4,1
77,1,0,0,0,0,319,1
3,0,0,0,0,0,15,1
11,2,1,0,0,0,71,1
23,1,2,0,0,0,205,1
3,0,0,0,0,0,10,1
3,0,0,0,0,0,9,1
12,1,3,0,0,0,101,1
3,0,0,0,0,0,9,1
4,0,0,0,0,0,34,1
8,0,2,0,0,0,35,1
6,1,0,0,0,0,49,1
14,1,1,0,0,0,115,1
3,0,0,0,0,0,10,1
3,0,0,0,0,0,9,1
12,1,3,0,0,0,101,1
3,0,0,0,0,0,9,1
4,0,0,0,0,0,26,1
5,0,1,0,0,0,22,1
3,1,0,0,0,0,20,1
9,1,0,0,0,0,65,1
8,1,2,0,0,0,48,1
8,1,0,0,0,0,84,1
6,0,1,0,0,0,30,1
8,1,0,0,0,0,58,1
3,0,0,0,0,0,10,1
3,1,0,0,0,0,10,1
8,1,2,0,0,0,37,1
11,0,0,0,0,0,166,1
6,1,0,0,0,0,45,1
3,0,0,0,0,0,9,1
3,0,0,0,0,0,15,1
5,1,1,0,0,0,29,1
3,1,0,0,0,0,8,1
3,1,0,0,0,0,27,1
3,1,0,0,0,0,10,1
3,1,0,0,0,0,20,1
9,1,0,0,0,0,105,1
14,1,3,0,0,0,113,1
3,0,0,0,0,0,9,1
3,0,0,0,0,0,9,1
4,1,0,0,0,0,17,1
4,1,0,0,0,0,22,1
3,0,0,0,0,0,9,1
3,0,0,0,0,0,11,1
12,2,2,0,0,0,63,1
3,2,0,0,0,0,21,1
3,1,1,0,0,0,14,1
4,1,0,0,0,0,15,1
27,1,5,0,0,0,199,1
32,3,10,0,1,0,237,1
6,1,1,0,0,0,30,1
6,1,1,0,0,0,39,1
7,1,1,0,0,0,37,1
8,2,1,0,0,0,68,1
17,1,3,0,2,0,114,1
25,1,4,0,2,0,151,1
37,3,9,0,0,0,337,1
5,3,0,0,0,0,24,1
3,1,0,0,0,0,14,1
3,1,0,0,0,0,16,1
9,1,0,0,1,0,74,1
19,3,0,0,0,0,732,1
11,1,1,0,1,0,82,1
20,1,0,0,0,0,205,1
5,2,0,0,0,0,30,1
8,3,0,0,0,0,48,1
8,1,0,0,0,0,65,1
8,1,0,0,0,0,65,1
8,1,0,0,0,0,65,1
8,2,0,0,0,0,57,1
8,2,0,0,0,0,46,1
8,0,0,0,0,0,43,1
11,2,1,0,1,0,97,1
21,1,0,0,0,0,276,1
21,0,0,0,0,0,114,1
18,1,0,0,0,0,133,1
13,0,0,0,0,0,205,1
7,0,0,0,0,0,29,1
37,4,3,0,0,0,435,1
6,2,1,0,0,0,22,1
8,3,1,0,0,0,58,1
9,3,1,0,1,0,66,1
5,2,0,0,1,0,28,1
9,2,1,0,1,0,60,1
3,1,0,0,0,0,13,1
98,0,61,0,11,0,795,1
9,1,0,0,0,0,46,1
9,1,0,0,0,0,46,1
3,0,0,0,0,0,11,1
9,2,1,0,0,0,45,1
3,0,0,0,0,0,13,1
4,1,0,0,0,0,18,1
4,1,0,0,0,0,17,1
10,0,1,0,0,0,58,1
15,3,2,0,0,0,88,1
3,2,0,0,0,0,18,1
3,1,0,0,0,0,9,1
5,2,0,0,0,0,26,1
3,2,0,0,0,0,20,1
3,0,0,0,0,0,9,1
5,1,0,0,0,0,26,1
11,3,1,0,0,0,89,1
5,1,0,0,0,0,27,1
3,2,0,0,0,0,19,1
4,1,0,0,0,0,26,1
3,1,0,0,0,0,23,1
7,1,1,0,0,0,27,1
3,1,0,0,0,0,15,1
3,1,0,0,0,0,15,1
4,1,0,0,0,0,36,1
14,1,2,0,0,0,99,1
3,2,0,0,0,0,26,1
3,1,0,0,0,0,20,1
14,1,2,0,0,1,81,1
8,2,1,0,1,0,47,1
15,2,2,0,0,2,95,1
15,1,1,0,1,0,95,1
9,3,1,0,1,0,68,1
10,2,1,0,1,0,79,1
7,1,0,0,0,0,74,1
14,2,2,0,0,0,75,1
3,0,0,0,0,0,14,1
15,3,3,0,0,0,97,1
24,2,4,0,1,0,121,1
11,3,2,0,0,0,82,1
8,2,2,0,0,0,56,1
3,0,0,0,0,0,15,1
13,2,2,0,0,0,145,1
3,0,0,0,0,0,13,1
3,1,0,0,0,0,14,1
5,0,1,0,0,0,40,1
9,2,3,0,0,0,52,1
3,0,0,0,0,0,13,1
3,1,0,0,0,0,14,1
13,1,3,0,1,0,72,1
3,2,0,0,0,0,19,1
24,3,5,0,1,0,199,1
3,1,0,0,0,0,13,1
8,3,1,0,0,0,65,1
8,3,1,0,0,0,70,1
6,3,1,0,0,0,46,1
11,3,2,0,1,0,100,1
3,2,0,0,0,0,18,1
17,6,4,0,1,0,135,1
3,1,0,0,0,0,22,1
4,2,0,0,1,0,54,1
11,1,1,0,0,0,111,1
10,6,2,0,0,0,88,1
16,5,3,0,0,0,155,1
4,1,0,0,0,0,15,1
3,1,0,0,0,0,18,1
3,1,0,0,0,0,12,1
3,1,0,0,0,0,12,1
4,1,0,0,0,0,18,1
3,1,0,0,0,0,12,1
3,1,0,0,0,0,11,1
3,3,0,0,0,0,24,1
3,1,0,0,0,0,20,1
3,1,0,0,0,0,12,1
3,1,0,0,0,0,12,1
3,1,0,0,0,0,12,1
3,1,0,0,0,0,12,1
3,1,0,0,0,0,12,1
3,1,0,0,0,0,12,1
3,1,0,0,0,0,12,1
3,1,0,0,0,0,12,1
3,1,0,0,0,0,22,1
3,1,0,0,0,0,24,1
3,2,0,0,0,0,12,1
3,4,0,0,0,0,20,1
3,2,0,0,0,0,14,1
3,2,0,0,0,0,14,1
3,3,0,0,0,0,19,1
3,3,0,0,0,0,19,1
3,3,0,0,0,0,19,1
3,3,0,0,0,0,19,1
16,4,2,0,1,0,134,1
3,2,0,0,0,0,23,1
3,2,0,0,0,0,26,1
4,2,0,0,0,0,35,1
6,4,1,0,0,0,46,1
8,2,1,0,0,0,43,1
17,2,2,0,2,0,120,1
7,2,1,0,0,0,45,1
7,2,1,0,0,0,33,1
12,2,1,0,0,0,85,1
6,3,1,0,0,0,78,1
4,2,0,0,0,0,39,1
12,0,2,0,1,0,93,1
13,2,2,0,1,0,84,1
3,1,0,0,0,0,15,1
12,0,4,0,1,0,93,1
9,4,1,0,0,0,70,1
11,0,3,0,1,0,69,1
5,3,1,0,0,0,34,1
11,0,4,0,0,0,80,1
3,2,0,0,0,0,17,1
3,2,0,0,0,0,27,1
4,1,0,0,0,0,36,1
13,2,0,0,1,1,131,1
3,1,0,0,0,0,18,1
3,1,0,0,0,0,18,1
3,1,0,0,0,0,12,1
3,1,0,0,0,0,20,1
6,3,1,0,0,0,33,1
9,2,1,0,0,1,55,1
8,4,1,0,1,0,52,1
8,2,1,0,1,0,48,1
18,1,2,0,3,0,136,1
3,2,0,0,0,0,17,1
3,1,0,0,0,0,12,1
6,1,0,0,0,0,49,1
11,0,1,0,0,1,68,1
5,1,1,0,0,1,41,1
3,0,0,0,0,0,22,1
9,1,2,0,0,0,86,1
8,1,0,0,0,0,44,1
3,1,0,0,0,0,18,1
4,0,0,0,0,0,41,1
3,2,0,0,0,0,19,1
3,1,0,0,0,0,21,1
3,0,0,0,0,0,14,1
3,0,0,0,0,0,14,1
1,1,0,0,0,0,10,1
1,1,0,0,0,0,15,1
1,1,0,0,0,0,17,1
1,1,0,0,0,0,17,1
1,1,0,0,0,0,15,1
1,1,0,0,0,0,15,1
1,1,0,0,0,0,19,1
1,1,0,0,0,0,15,1
1,1,0,0,0,0,34,1
6,1,1,0,0,0,54,1
3,2,1,0,0,0,17,1
25,2,3,0,2,0,154,1
3,1,0,0,0,0,19,1
4,0,0,0,0,0,36,1
14,0,3,0,0,0,122,1
5,1,1,0,0,0,31,1
3,1,0,0,0,0,16,1
3,1,0,0,0,0,16,1
5,2,1,0,0,0,44,1
3,0,0,0,0,0,14,1
3,2,0,0,0,0,17,1
4,2,1,0,0,0,45,1
5,2,1,0,0,0,34,1
3,1,0,0,0,0,18,1
6,2,1,0,0,0,47,1
3,2,0,0,0,0,37,1
6,0,1,0,0,0,35,1
3,0,1,0,0,0,16,1
7,1,2,0,0,0,67,1
6,0,0,0,0,1,24,1
9,1,2,0,0,1,68,1
3,0,0,0,0,0,18,1
3,1,0,0,0,0,14,1
3,0,0,0,0,0,14,1
3,1,0,0,0,0,14,1
4,1,1,0,0,0,20,1
3,0,1,0,0,0,17,1
4,1,1,0,0,0,24,1
3,0,1,0,0,0,17,1
3,1,0,0,0,0,16,1
3,0,0,0,0,0,17,1
3,1,0,0,0,0,18,1
3,0,0,0,0,0,17,1
12,0,2,0,0,0,116,1
11,0,1,0,2,0,87,1
8,1,4,0,2,0,62,1
7,1,0,0,0,0,51,1
3,1,0,0,0,0,17,1
6,2,0,0,0,0,56,1
15,3,3,0,1,0,147,1
9,1,0,0,1,0,103,1
3,2,0,0,1,0,17,1
12,1,3,0,0,0,74,1
8,0,1,0,0,1,41,1
3,0,0,0,0,0,14,1
3,2,0,0,0,0,17,1
5,3,0,0,0,0,28,1
5,0,0,0,0,0,36,1
28,1,4,0,1,0,221,1
1,0,0,0,0,0,14,1
5,2,0,0,0,0,38,1
1,0,0,0,0,0,4,1
3,2,0,0,0,0,23,1
5,0,1,0,0,0,20,1
9,1,3,0,0,0,81,1
11,0,2,0,0,0,46,1
11,0,2,0,0,0,46,1
4,0,0,0,0,0,16,1
3,0,0,0,0,0,19,1
3,0,0,0,0,0,17,1
6,2,0,0,0,0,28,1
3,0,0,0,0,0,23,1
4,3,0,0,0,0,38,1
4,1,0,0,0,0,31,1
3,0,0,0,0,0,21,1
4,3,0,0,0,0,35,1
3,0,0,0,0,0,17,1
3,2,0,0,0,0,16,1
3,0,0,0,0,0,17,1
3,2,0,0,0,0,16,1
9,2,1,0,0,0,59,1
5,1,0,0,0,0,43,1
7,1,0,0,0,1,57,1
3,2,0,0,0,0,20,1
9,1,1,0,0,0,41,1
6,2,0,0,0,0,57,1
4,2,0,0,0,0,47,1
8,2,2,0,0,0,61,1
3,2,0,0,0,0,30,1
6,0,1,0,0,0,44,1
13,0,2,0,0,1,75,1
4,0,0,0,0,0,23,1
6,0,1,0,0,0,31,1
12,0,2,0,0,0,49,1
3,1,0,0,0,0,24,1
3,2,0,0,0,0,17,1
7,0,1,0,1,0,50,1
8,1,0,0,0,0,52,1
4,0,0,0,0,0,21,1
8,0,0,0,0,0,72,1
3,2,0,0,0,0,14,1
8,0,2,0,0,0,78,1
6,0,3,0,0,0,36,1
12,4,5,0,0,0,114,1
3,2,0,0,0,0,14,1
10,3,0,0,2,0,74,1
10,2,2,0,0,0,74,1
27,3,6,0,0,0,154,1
3,0,0,0,0,0,16,1
3,0,0,0,0,0,20,1
5,0,0,0,0,0,40,1
3,2,0,0,0,0,20,1
7,2,0,0,0,0,55,1
5,0,0,0,0,0,29,1
3,1,0,0,0,0,15,1
3,2,0,0,0,0,17,1
13,4,1,0,0,0,58,1
3,2,0,0,0,0,21,1
3,3,0,0,0,0,23,1
13,4,1,0,0,0,59,1
3,1,0,0,0,0,16,1
3,0,0,0,0,0,20,1
9,1,1,0,0,0,50,1
10,0,1,0,0,0,59,1
4,0,1,0,0,0,16,1
6,0,2,0,0,0,40,1
8,0,3,0,0,0,61,1
5,4,2,0,0,0,51,1
7,1,0,0,0,0,55,1
7,2,0,0,0,0,45,1
3,2,0,0,0,0,26,1
3,0,0,0,0,0,15,1
3,0,0,0,0,0,11,1
13,1,2,0,1,0,115,1
3,0,0,0,0,0,11,1
28,2,4,0,2,0,243,1
15,2,2,0,2,0,139,1
4,0,0,0,0,0,35,1
8,2,0,0,0,0,71,1
4,3,0,0,0,0,45,1
4,4,7,0,1,0,43,1
8,0,2,0,1,0,56,1
9,2,4,0,1,0,48,1
3,2,0,0,0,0,19,1
3,2,0,0,0,0,17,1
6,0,2,0,0,0,41,1
8,1,2,0,0,0,68,1
3,4,0,0,0,0,18,1
3,4,0,0,0,0,38,1
7,3,1,0,0,0,41,1
7,0,2,0,0,0,87,1
6,1,1,0,0,0,99,1
3,1,0,0,0,0,13,1
10,0,2,0,1,0,65,1
14,3,3,0,1,0,105,1
6,0,0,0,0,0,74,1
5,0,0,0,0,0,49,1
10,5,0,0,0,0,48,1
6,1,1,0,0,0,59,1
1,0,0,0,0,0,4,1
19,0,0,0,0,0,277,1
8,1,1,0,0,0,81,1
16,1,1,0,0,0,184,1
6,0,0,0,0,1,58,1
11,0,0,0,0,0,77,1
4,2,1,0,0,0,24,1
5,0,0,0,0,0,28,1
5,1,0,0,0,0,33,1
16,1,1,0,0,0,151,1
6,2,1,0,0,0,50,1
1,1,0,0,0,0,256,1
16,12,0,0,0,0,44,1
3,2,0,0,0,0,21,1
6,2,1,0,0,0,44,1
5,1,0,0,0,0,33,1
52,0,0,0,0,0,358,1
7,0,0,0,0,0,53,1
6,0,0,0,0,0,30,1
4,3,0,0,0,0,27,1
4,0,0,0,0,0,20,1
4,1,0,0,0,0,22,1
4,0,0,0,0,0,20,1
4,1,0,0,0,0,22,1
8,0,1,0,0,0,46,1
3,0,0,0,0,0,10,1
8,1,2,0,0,0,40,1
17,2,2,0,0,0,104,1
9,0,1,0,0,0,51,1
9,0,1,0,0,0,51,1
4,0,0,0,0,0,17,1
3,0,0,0,0,0,5,1
3,0,0,0,0,0,18,1
9,1,1,0,1,0,53,1
17,0,2,0,1,0,128,1
5,1,0,0,0,0,16,1
35,2,7,0,1,0,237,1
24,2,4,0,2,0,177,1
16,2,2,0,0,0,94,1
3,1,0,0,0,0,9,1
3,0,0,0,0,0,13,1
2,1,0,0,0,0,6,1
3,1,0,0,0,0,14,1
11,1,1,0,0,0,51,1
14,2,2,0,1,0,91,1
12,4,1,0,0,0,124,1
12,4,1,0,0,0,120,1
13,2,3,0,1,0,81,1
36,2,6,0,2,0,187,1
41,2,6,0,1,0,223,1
11,1,1,0,0,0,40,1
30,2,4,0,3,0,165,1
7,3,1,0,0,0,45,1
5,2,0,0,0,0,32,1
6,1,1,0,0,0,32,1
4,1,0,0,0,0,18,1
31,3,3,0,0,0,150,1
1,0,0,0,0,0,16,1
10,1,1,0,0,0,36,1
8,2,2,0,0,0,57,1
10,0,0,0,0,0,69,1
9,1,0,0,0,0,61,1
11,2,2,0,0,0,100,1
14,1,2,0,1,0,114,1
9,3,2,0,0,0,53,1
15,3,3,0,1,0,115,1
4,1,0,0,0,0,37,1
6,2,1,0,0,0,37,1
28,1,2,0,0,1,219,1
6,4,1,0,0,0,41,1
6,4,1,0,0,0,43,1
26,5,4,0,0,0,205,1
11,3,1,0,0,0,107,1
11,1,1,1,0,0,49,1
5,1,0,0,0,0,36,1
3,1,0,0,0,0,13,1
10,3,2,0,0,0,76,1
6,3,0,0,0,1,26,1
3,2,0,0,0,0,22,1
3,1,0,0,0,0,15,1
10,1,2,0,0,0,59,1
14,2,1,0,0,0,80,1
3,1,0,0,0,0,21,1
3,1,0,0,0,0,21,1
4,1,0,0,0,0,13,1
6,1,0,0,0,0,36,1
4,1,0,0,0,0,19,1
5,1,0,0,0,0,37,1
3,0,0,0,0,0,15,1
7,1,0,0,0,0,37,1
6,1,0,0,0,0,46,1
3,0,0,0,0,0,15,1
9,1,0,0,0,0,48,1
4,1,0,0,0,0,20,1
3,0,0,0,0,0,15,1
10,1,0,0,0,0,35,1
5,1,0,0,0,0,33,1
3,0,0,0,0,0,21,1
6,1,0,0,0,0,32,1
5,1,0,0,0,0,37,1
3,0,0,0,0,0,21,1
10,1,0,0,0,0,44,1
5,1,0,0,0,0,37,1
9,1,0,0,0,0,55,1
3,1,0,0,0,0,23,1
4,1,0,0,0,0,36,1
7,1,0,0,0,0,43,1
4,1,0,0,0,0,20,1
12,1,0,0,0,0,51,1
4,0,0,0,0,0,20,1
13,1,0,0,0,0,63,1
21,3,0,0,0,0,137,1
3,4,0,0,0,0,20,1
14,1,0,0,0,0,82,1
37,1,1,0,0,0,235,1
19,2,1,0,0,0,130,1
29,2,4,0,0,0,209,1
5,1,0,0,0,0,32,1
7,0,0,0,0,0,33,1
7,0,0,0,0,0,33,1
19,0,2,0,0,0,144,1
3,0,0,0,0,0,10,1
3,0,0,0,0,0,10,1
3,1,0,0,0,0,11,1
3,0,0,0,0,0,10,1
3,0,0,0,0,0,10,1
27,1,5,0,0,0,140,1
6,1,1,0,0,0,27,1
11,2,0,0,0,0,41,1
5,0,0,0,0,0,32,1
4,2,0,0,0,0,15,1
3,1,0,0,0,0,13,1
4,2,0,0,0,0,15,1
3,1,0,0,0,0,13,1
4,1,0,0,0,0,22,1
4,1,0,0,0,0,29,1
6,2,0,0,0,0,59,1
10,1,0,0,0,0,26,1
5,0,0,0,0,0,25,1
3,1,0,0,0,0,18,1
3,1,0,0,0,0,10,1
11,2,0,0,0,0,53,1
17,1,0,0,0,0,192,1
9,0,0,0,0,0,129,1
3,2,0,0,0,0,18,1
26,0,0,0,2,0,298,1
7,1,1,0,0,0,42,1
3,1,0,0,0,0,8,1
11,0,1,0,0,0,54,1
3,0,0,0,0,0,7,1
3,1,0,0,0,0,8,1
9,0,1,0,0,0,32,1
10,2,2,0,0,0,41,1
9,2,4,0,0,0,68,1
6,1,1,0,0,0,28,1
8,0,5,0,0,0,29,1
6,1,5,0,0,0,24,1
6,3,0,0,0,0,38,1
1,0,0,0,0,0,12,1
13,1,1,0,1,0,92,1
4,2,0,0,0,0,28,1
22,2,3,0,2,1,170,1
3,0,1,0,0,0,12,1
6,0,1,0,0,0,24,1
23,1,5,0,2,0,191,1
29,2,8,0,2,0,178,1
4,1,0,0,0,0,21,1
3,1,0,0,0,0,13,1
15,2,1,0,0,0,96,1
49,0,0,0,0,0,109,1
3,2,0,0,0,0,16,1
6,2,0,0,0,0,35,1
5,2,0,0,0,0,49,1
5,2,0,0,0,0,53,1
5,2,0,0,0,0,60,1
19,2,1,0,0,0,106,1
1,0,0,0,0,0,11,1
1,0,0,0,0,0,11,1
1,0,0,0,0,0,11,1
1,0,0,0,0,0,11,1
5,0,0,0,0,0,34,1
7,0,0,0,0,0,34,1
6,1,1,0,0,0,26,1
3,1,0,0,0,0,9,1
26,0,2,0,0,0,128,1
2,2,0,0,0,0,7,1
7,0,0,0,0,0,31,1
3,1,0,0,0,0,15,1
3,0,0,0,0,0,11,1
23,1,3,0,0,0,157,1
8,1,0,0,0,0,62,1
8,1,0,0,0,0,62,1
4,1,0,0,0,0,21,1
27,4,3,0,0,0,101,1
15,1,0,0,0,0,51,1
21,0,0,0,0,0,45,1
4,1,0,0,0,0,30,1
3,3,0,0,0,0,16,1
3,4,0,0,0,0,20,1
3,0,0,0,0,0,12,1
7,1,0,0,0,0,48,1
3,0,0,0,0,0,12,1
5,1,0,0,0,0,30,1
5,0,0,0,0,0,48,1
7,0,1,0,0,0,27,1
23,4,2,0,0,0,105,1
5,0,0,0,0,0,42,1
3,0,0,0,0,0,12,1
6,1,0,0,0,0,36,1
4,1,0,0,0,0,22,1
6,0,0,0,0,0,56,1
7,0,1,0,0,0,25,1
21,4,2,0,0,0,108,1
3,2,0,0,0,0,17,1
17,0,0,0,0,0,41,1
20,1,0,0,0,0,248,1
3,0,0,0,0,0,13,1
3,0,0,0,0,0,14,1
5,1,0,0,0,0,35,1
3,2,0,0,0,0,15,1
62,2,0,0,0,0,341,1
4,0,0,0,0,0,17,1
1,2,0,0,0,0,11,1
3,0,0,0,0,0,17,1
8,2,0,0,0,0,54,1
23,3,3,0,0,0,180,1
3,0,0,0,0,0,15,1
13,3,0,0,0,0,115,1
11,3,1,0,0,0,71,1
3,1,0,0,0,0,17,1
3,1,0,0,0,0,12,1
6,2,0,0,0,0,32,1
3,0,0,0,0,0,9,1
3,0,0,0,0,0,7,1
3,1,0,0,0,0,14,1
3,2,0,0,0,0,14,1
29,0,4,0,1,0,154,1
4,0,0,0,0,0,14,1
5,1,0,0,0,0,41,1
8,0,1,0,0,0,46,1
3,1,0,0,0,0,13,1
7,0,1,0,0,0,39,1
3,0,0,0,0,0,7,1
3,0,0,0,0,0,7,1
3,1,0,0,0,0,8,1
3,1,0,0,0,0,10,1
3,1,0,0,0,0,12,1
3,1,0,0,0,0,26,1
3,1,0,0,0,0,13,1
3,1,0,0,0,0,23,1
15,1,1,0,0,0,98,1
3,0,0,0,0,0,25,1
9,0,1,0,0,0,42,1
4,0,0,0,0,0,15,1
19,0,3,0,0,0,116,1
18,3,2,0,0,0,116,1
12,1,2,0,0,0,62,1
6,0,1,0,0,0,29,1
3,0,0,0,0,0,9,1
3,0,0,0,0,0,7,1
9,2,1,0,1,0,54,1
7,0,1,0,0,0,31,1
3,0,0,0,0,0,7,1
4,2,0,0,0,0,17,1
4,1,0,0,0,0,14,1
39,0,1,0,3,0,209,1
17,0,6,1,0,1,86,1
29,1,1,0,1,1,177,1
3,1,0,0,0,0,14,1
3,1,0,0,0,0,16,1
3,1,0,0,0,0,10,1
4,1,0,0,0,0,16,1
12,1,1,0,0,0,75,1
15,1,0,0,2,0,92,1
11,2,1,0,2,0,68,1
13,3,1,0,1,0,101,1
3,0,0,0,0,0,11,1
5,1,0,0,0,0,30,1
23,2,2,0,1,0,139,1
11,0,1,0,0,0,79,1
22,3,3,0,0,0,145,1
4,0,0,0,0,0,16,1
10,1,2,0,0,0,56,1
20,3,3,0,1,0,110,1
12,3,1,0,1,0,81,1
10,0,0,0,1,0,58,1
5,3,1,0,0,0,32,1
17,0,3,0,1,0,103,1
17,0,1,0,1,0,98,1
5,0,0,0,0,0,54,1
8,1,1,0,0,0,41,1
26,3,3,0,2,0,181,1
3,1,0,0,0,0,15,1
3,1,0,0,0,0,12,1
3,0,0,0,0,0,11,1
3,2,0,0,0,0,16,1
3,0,0,0,0,0,7,1
79,2,65,2,27,2,454,1
1,0,0,0,0,0,9,1
28,1,4,0,1,1,138,1
11,1,1,0,0,0,43,1
9,0,5,0,1,1,37,1
19,0,0,0,0,0,175,1
1,1,0,0,0,0,640,1
7,1,1,0,0,0,20,1
4,0,0,0,0,0,34,1
6,1,0,0,0,0,17,1
15,0,2,0,0,0,46,1
14,3,3,0,0,0,79,1
4,0,3,0,0,0,10,1
8,1,1,0,0,0,41,1
4,0,1,0,0,0,10,1
15,1,4,0,0,0,60,1
4,0,4,0,0,0,10,1
12,1,3,0,0,0,45,1
4,0,3,0,0,0,10,1
8,1,1,0,0,0,86,1
4,0,1,0,0,0,10,1
4,1,0,0,0,0,27,1
4,0,0,0,0,0,10,1
8,1,2,0,0,0,49,1
4,0,2,0,0,0,10,1
4,1,0,0,0,0,23,1
4,0,0,0,0,0,10,1
9,1,0,0,0,1,47,1
3,0,0,0,0,1,8,1
10,2,2,0,0,0,89,1
3,1,0,0,0,0,12,1
3,1,0,0,0,0,12,1
15,2,3,0,1,0,114,1
12,3,5,0,1,0,65,1
8,1,1,0,0,0,43,1
13,3,1,0,0,0,90,1
14,0,2,0,0,0,78,1
7,3,2,0,0,0,33,1
5,0,1,0,0,0,27,1
6,0,1,0,0,0,36,1
10,6,2,0,0,0,66,1
6,3,2,0,0,0,25,1
7,5,0,0,0,0,43,1
3,2,0,0,0,0,23,1
10,3,0,0,0,0,50,1
3,2,0,0,0,0,23,1
3,2,0,0,0,0,23,1
6,0,1,0,0,0,31,1
3,1,0,0,0,0,21,1
8,1,1,0,1,0,43,1
4,3,1,0,1,0,17,1
17,3,2,0,2,0,85,1
11,9,0,0,0,0,75,1
3,2,0,0,0,0,23,1
3,2,0,0,0,0,23,1
6,1,1,0,0,0,33,1
3,1,0,0,0,0,29,1
17,3,1,1,0,0,85,1
4,2,0,0,0,0,19,1
11,1,0,0,0,0,59,1
8,0,0,0,0,0,40,1
1,0,0,0,0,0,4,1
8,1,0,0,1,0,84,1
3,0,0,0,0,0,7,1
7,3,2,0,0,0,51,1
6,3,1,0,0,0,39,1
9,5,2,0,0,0,67,1
8,4,2,0,0,0,59,1
7,2,1,0,0,0,42,1
4,2,0,0,0,0,30,1
7,4,0,0,0,0,54,1
7,3,0,0,0,0,39,1
7,3,0,0,0,0,39,1
7,5,0,0,0,0,60,1
7,4,0,0,0,0,54,1
7,3,0,0,0,0,41,1
4,0,0,0,0,0,27,1
7,3,0,0,0,0,39,1
8,4,1,0,0,0,66,1
8,3,1,0,0,0,56,1
7,4,0,0,0,0,49,1
3,4,0,0,0,0,24,1
7,5,0,0,0,0,57,1
7,4,0,0,0,0,49,1
7,4,0,0,0,0,53,1
9,3,1,0,0,0,53,1
9,3,1,0,0,0,51,1
7,3,0,0,0,0,43,1
67,3,12,0,1,0,334,1
6,5,0,0,0,0,42,1
6,4,0,0,0,0,36,1
6,3,0,0,0,0,30,1
12,3,0,0,0,0,60,1
6,1,1,0,0,0,37,1
3,1,0,0,0,0,19,1
4,1,0,0,0,0,24,1
10,1,0,0,0,0,37,1
30,2,3,0,0,0,163,1
6,3,3,0,0,0,25,1
4,0,0,0,0,0,27,1
12,2,1,0,0,0,65,1
3,2,1,0,0,0,17,1
21,1,1,0,1,0,95,1
1,0,0,0,0,0,4,1
30,0,5,0,2,0,153,1
5,2,2,0,0,0,47,1
4,1,0,0,0,0,18,1
1,0,0,0,0,0,16,1
5,1,0,0,0,0,26,1
5,1,0,0,0,0,23,1
2,1,0,0,0,0,13,1
4,1,0,0,0,0,25,1
4,3,0,0,0,0,23,1
14,0,2,0,0,0,121,1
13,3,4,0,0,0,97,1
17,3,2,0,0,0,138,1
1,1,0,0,0,0,13,1
1,1,0,0,0,0,13,1
1,1,0,0,0,0,17,1
1,1,0,0,0,0,11,1
1,1,0,0,0,0,10,1
18,0,2,0,0,0,112,1
4,1,0,0,0,0,19,1
9,1,1,0,0,0,69,1
4,1,0,0,0,0,24,1
7,0,6,0,0,0,39,1
7,1,0,0,0,0,45,1
4,0,0,0,0,0,22,1
10,0,0,0,0,0,67,1
12,3,1,0,0,0,102,1
7,1,1,0,0,0,32,1
15,2,2,0,0,0,113,1
3,1,0,0,0,0,21,1
6,1,3,0,0,0,70,1
5,2,0,0,0,0,35,1
6,0,1,0,0,0,32,1
7,0,1,0,0,0,45,1
8,1,1,0,0,0,49,1
23,1,2,0,0,0,102,1
4,1,0,0,0,0,28,1
6,1,1,0,0,0,41,1
5,1,0,0,0,0,35,1
3,0,0,0,0,0,8,1
9,0,1,0,0,0,88,1
13,2,3,0,0,0,65,1
12,1,2,0,0,0,71,1
13,2,1,0,0,0,51,1
9,2,1,0,0,0,52,1
7,1,0,0,0,0,45,1
23,3,2,0,0,0,168,1
6,2,1,0,1,0,39,1
3,0,0,0,0,0,12,1
3,0,0,0,0,0,12,1
3,0,0,0,0,0,11,1
3,1,0,0,0,0,20,1
6,0,0,0,0,0,40,1
3,0,0,0,0,0,10,1
57,1,0,0,0,0,309,1
32,0,3,0,1,0,252,1
53,0,6,0,1,0,294,1
5,0,1,0,0,0,19,1
6,1,0,0,0,0,39,1
4,1,1,0,0,0,26,1
3,1,0,0,0,0,14,1
8,0,1,0,0,0,66,1
10,4,2,0,0,0,57,1
6,4,1,0,0,0,40,1
10,4,2,0,0,0,57,1
6,4,1,0,0,0,40,1
6,5,0,0,0,0,41,1
105,1,0,0,0,0,358,1
165,1,0,0,1,0,782,1
14,0,1,0,0,0,57,1
3,0,0,0,0,0,11,1
3,0,0,0,0,0,20,1
3,0,0,0,0,0,11,1
3,0,0,0,0,0,20,1
13,0,0,0,0,0,39,1
3,1,0,0,0,0,15,1
4,1,0,0,0,0,73,1
3,1,0,0,0,0,20,1
3,1,0,0,0,0,38,1
8,1,0,0,0,0,27,1
3,1,0,0,0,0,20,1
7,3,1,0,0,0,33,1
9,1,1,0,0,0,61,1
7,1,1,0,0,0,26,1
3,1,0,0,0,0,8,1
24,0,2,0,0,0,103,1
25,1,2,0,1,0,125,1
3,2,0,0,0,0,14,1
3,1,0,0,0,0,13,1
3,1,0,0,0,0,11,1
4,0,0,0,0,0,13,1
12,2,2,0,0,0,55,1
19,0,4,0,1,0,59,1
1,0,0,0,0,0,17,1
16,0,1,0,0,0,111,1
1,0,0,0,0,0,4,1
13,2,1,0,1,0,91,1
18,2,3,0,1,0,97,1
3,0,0,0,0,0,11,1
3,0,0,0,0,0,11,1
3,1,0,0,0,0,12,1
12,1,0,0,0,0,54,1
3,0,0,0,0,0,10,1
3,0,0,0,0,0,10,1
4,2,0,0,0,0,34,1
5,1,0,0,0,0,31,1
15,0,0,0,0,0,97,1
10,0,0,0,0,0,58,1
3,0,0,0,0,0,13,1
6,2,1,0,0,0,31,1
3,0,0,0,0,0,13,1
8,2,1,0,0,0,53,1
3,0,0,0,0,0,13,1
32,1,5,0,0,1,245,1
8,2,1,0,0,0,45,1
4,2,0,0,0,0,30,1
26,2,6,0,0,0,176,1
8,2,1,0,0,0,37,1
6,1,1,0,0,0,58,1
3,0,0,0,0,0,11,1
3,0,0,0,0,0,12,1
8,2,1,0,0,0,37,1
7,2,1,0,0,0,68,1
5,1,0,0,0,0,33,1
3,0,0,0,0,0,13,1
18,0,2,0,0,0,147,1
8,1,1,0,0,0,49,1
14,0,1,0,0,1,103,1
8,1,1,0,0,0,48,1
24,0,5,0,0,0,160,1
7,0,1,0,0,0,39,1
4,0,0,0,0,0,30,1
5,1,0,0,0,0,40,1
15,0,2,0,0,0,95,1
6,1,0,0,0,0,42,1
8,0,1,0,0,0,44,1
6,0,0,0,0,0,37,1
10,0,1,0,0,0,59,1
17,1,4,0,0,0,120,1
5,0,0,0,0,0,25,1
4,1,0,0,0,0,18,1
3,1,0,0,0,0,9,1
10,1,1,0,0,0,61,1
15,2,2,0,0,0,106,1
12,0,2,0,0,0,60,1
32,1,5,0,0,0,237,1
4,0,0,0,0,0,26,1
6,1,1,0,0,0,41,1
3,0,0,0,0,0,13,1
7,3,1,0,0,0,41,1
3,2,0,0,0,0,27,1
10,1,1,0,0,0,60,1
42,2,35,0,0,3,214,1
6,4,1,0,0,0,31,1
3,0,0,0,0,0,11,1
